arquivo,fonte,url_pagina,url_arquivo,autor,creditos,licenca,url_licenca,termos_de_uso,atribuicao_obrigatoria,mime,largura,altura,sha256,data_consulta
Guindastes_no_Porto_de_Salvador__BA.jpg,Wikimedia Commons,"https://commons.wikimedia.org/wiki/File:Guindastes_no_Porto_de_Salvador,_BA.jpg",https://upload.wikimedia.org/wikipedia/commons/3/34/Guindastes_no_Porto_de_Salvador%2C_BA.jpg?utm_source=commons.wikimedia.org&utm_campaign=imageinfo&utm_content=original,Samory Pereira Santos,Own work,CC BY-SA 4.0,https://creativecommons.org/licenses/by-sa/4.0,Creative Commons Attribution-Share Alike 4.0,true,image/jpeg,5964,3356,8c80afefb62652aff8f9c08661d9bf2e39eec20b3dbbf2f239185f86b016e095,2026-10-02
Containers_no_Porto_de_Salvador__BA.jpg,Wikimedia Commons,"https://commons.wikimedia.org/wiki/File:Containers_no_Porto_de_Salvador,_BA.jpg",https://upload.wikimedia.org/wikipedia/commons/8/84/Containers_no_Porto_de_Salvador%2C_BA.jpg?utm_source=commons.wikimedia.org&utm_campaign=imageinfo&utm_content=original,Samory Pereira Santos,Own work,CC BY-SA 4.0,https://creativecommons.org/licenses/by-sa/4.0,Creative Commons Attribution-Share Alike 4.0,true,image/jpeg,5984,3367,02fd72479ff8036e11ae6104e4c9f28b645d7bd7ccd93ccd66277529e21ae1aa,2026-10-02
Terminal_de_Cargas_do_Porto_de_Salvador__BA.jpg,Wikimedia Commons,"https://commons.wikimedia.org/wiki/File:Terminal_de_Cargas_do_Porto_de_Salvador,_BA.jpg",https://upload.wikimedia.org/wikipedia/commons/8/85/Terminal_de_Cargas_do_Porto_de_Salvador%2C_BA.jpg?utm_source=commons.wikimedia.org&utm_campaign=imageinfo&utm_content=original,Samory Pereira Santos,Own work,CC BY-SA 4.0,https://creativecommons.org/licenses/by-sa/4.0,Creative Commons Attribution-Share Alike 4.0,true,image/jpeg,5982,3366,e9c73574417b510b8a4c60ff0fb125f32124eb410cd94d1c2b165e95736a743e,2026-10-02
Novos_equipamentos_para_o_Porto_de_Salvador__6441324857_.jpg,Wikimedia Commons,https://commons.wikimedia.org/wiki/File:Novos_equipamentos_para_o_Porto_de_Salvador_(6441324857).jpg,https://upload.wikimedia.org/wikipedia/commons/b/b5/Novos_equipamentos_para_o_Porto_de_Salvador_%286441324857%29.jpg?utm_source=commons.wikimedia.org&utm_campaign=imageinfo&utm_content=original,Fotos GOVBA from Bahia/Brasil,Novos equipamentos para o Porto de Salvador,CC BY 2.0,https://creativecommons.org/licenses/by/2.0,Creative Commons Attribution 2.0,true,image/jpeg,2126,1417,049845226064c715006827590aa17069fa4b8abf5f0ac5d7ce6c7153582e81f6,2026-10-02
Novos_equipamentos_para_o_Porto_de_Salvador__6441324659_.jpg,Wikimedia Commons,https://commons.wikimedia.org/wiki/File:Novos_equipamentos_para_o_Porto_de_Salvador_(6441324659).jpg,https://upload.wikimedia.org/wikipedia/commons/5/5c/Novos_equipamentos_para_o_Porto_de_Salvador_%286441324659%29.jpg?utm_source=commons.wikimedia.org&utm_campaign=imageinfo&utm_content=original,Fotos GOVBA from Bahia/Brasil,Novos equipamentos para o Porto de Salvador,CC BY 2.0,https://creativecommons.org/licenses/by/2.0,Creative Commons Attribution 2.0,true,image/jpeg,2126,1417,12cca32ab9dd9d24f8091cffd65f2b4a1554a3b64ade8735f7a568694d15eac2,2026-10-02
Apresentação_dos_equipamentos_dos_Parques_Eólicos_no_Porto_de_Salvador__5285838684_.jpg,Wikimedia Commons,https://commons.wikimedia.org/wiki/File:Apresenta%C3%A7%C3%A3o_dos_equipamentos_dos_Parques_E%C3%B3licos_no_Porto_de_Salvador_(5285838684).jpg,https://upload.wikimedia.org/wikipedia/commons/7/72/Apresenta%C3%A7%C3%A3o_dos_equipamentos_dos_Parques_E%C3%B3licos_no_Porto_de_Salvador_%285285838684%29.jpg?utm_source=commons.wikimedia.org&utm_campaign=imageinfo&utm_content=original,Fotos GOVBA from Bahia/Brasil,Apresentação dos equipamentos dos Parques Eólicos,CC BY 2.0,https://creativecommons.org/licenses/by/2.0,Creative Commons Attribution 2.0,true,image/jpeg,1417,2126,b158d098f31ddd409224c940720345a00bfe54a395c9953b07677051cfd908c2,2026-10-02
Navio_cargueiro_sai_de_Salvador_sem_escala_para_Ásia__5735239242_.jpg,Wikimedia Commons,https://commons.wikimedia.org/wiki/File:Navio_cargueiro_sai_de_Salvador_sem_escala_para_%C3%81sia_(5735239242).jpg,https://upload.wikimedia.org/wikipedia/commons/d/d0/Navio_cargueiro_sai_de_Salvador_sem_escala_para_%C3%81sia_%285735239242%29.jpg?utm_source=commons.wikimedia.org&utm_campaign=imageinfo&utm_content=original,Fotos GOVBA from Bahia/Brasil,Navio cargueiro sai de Salvador sem escala para Ásia,CC BY 2.0,https://creativecommons.org/licenses/by/2.0,Creative Commons Attribution 2.0,true,image/jpeg,2126,1417,cae8223e81870084f498e460017f453f0e1114e6e4722962bec8f971c16e25ae,2026-10-02
Truck_and_vessel_in_a_terminal__7099714459_.jpg,Wikimedia Commons,https://commons.wikimedia.org/wiki/File:Truck_and_vessel_in_a_terminal_(7099714459).jpg,https://upload.wikimedia.org/wikipedia/commons/5/59/Truck_and_vessel_in_a_terminal_%287099714459%29.jpg?utm_source=commons.wikimedia.org&utm_campaign=imageinfo&utm_content=original,Maersk Line,Truck and vessel in a terminal,CC BY-SA 2.0,https://creativecommons.org/licenses/by-sa/2.0,Creative Commons Attribution-Share Alike 2.0,true,image/jpeg,1497,998,523f348f88e235f8b74b646395eb3572104266017086e433f01c6cadc90187be,2026-10-02
Container_handling_6105___Pictures_taken_in_Japan__.jpg,Wikimedia Commons,https://commons.wikimedia.org/wiki/File:Container_handling_6105_%E3%80%90_Pictures_taken_in_Japan_%E3%80%91.jpg,https://upload.wikimedia.org/wikipedia/commons/e/e3/Container_handling_6105_%E3%80%90_Pictures_taken_in_Japan_%E3%80%91.jpg?utm_source=commons.wikimedia.org&utm_campaign=imageinfo&utm_content=original,Gazouya-japan,Own work,CC BY-SA 4.0,https://creativecommons.org/licenses/by-sa/4.0,Creative Commons Attribution-Share Alike 4.0,true,image/jpeg,2048,1536,71df83a695e1848b9b86330a1e95ff1a92534469f377f76a446afe2154c7dac6,2026-10-02
Container___42G1___KMBU_404095_2____Pictures_taken_in_Japan__.jpg,Wikimedia Commons,https://commons.wikimedia.org/wiki/File:Container_%E3%80%90_42G1_%E3%80%91_KMBU_404095(2)_%E3%80%90_Pictures_taken_in_Japan_%E3%80%91.jpg,https://upload.wikimedia.org/wikipedia/commons/8/8b/Container_%E3%80%90_42G1_%E3%80%91_KMBU_404095%282%29_%E3%80%90_Pictures_taken_in_Japan_%E3%80%91.jpg?utm_source=commons.wikimedia.org&utm_campaign=imageinfo&utm_content=original,Gazouya-japan,Own work,CC BY-SA 4.0,https://creativecommons.org/licenses/by-sa/4.0,Creative Commons Attribution-Share Alike 4.0,true,image/jpeg,1024,768,1df9ef88e4a8d93ccf2a1db4ba6f40c09fbcc94d1b4f6fc629e584f68af3d2ae,2026-10-02
Container_transfer_02A.jpg,Wikimedia Commons,https://commons.wikimedia.org/wiki/File:Container_transfer_02A.jpg,https://upload.wikimedia.org/wikipedia/commons/8/8a/Container_transfer_02A.jpg?utm_source=commons.wikimedia.org&utm_campaign=imageinfo&utm_content=original,Joe Mabel,Joe Mabel,CC BY-SA 3.0,https://creativecommons.org/licenses/by-sa/3.0,Creative Commons Attribution-Share Alike 3.0,true,image/jpeg,1216,1023,b5d138b66ad20a056cd882ea00af3259fdbaf2a2511df049360a0eea5074ef08,2026-10-02
Gdynia_BCT_06.jpg,Wikimedia Commons,https://commons.wikimedia.org/wiki/File:Gdynia_BCT_06.jpg,https://upload.wikimedia.org/wikipedia/commons/6/60/Gdynia_BCT_06.jpg?utm_source=commons.wikimedia.org&utm_campaign=imageinfo&utm_content=original,Andrzej Otrębski,Own work,CC BY-SA 3.0,https://creativecommons.org/licenses/by-sa/3.0,Creative Commons Attribution-Share Alike 3.0,true,image/jpeg,2816,2112,b4de0ae932c2fda7d9bbc370a193fdf90d965fbee7030b42e5f35863e8abdba4,2026-10-02
Container_stacker_01A.jpg,Wikimedia Commons,https://commons.wikimedia.org/wiki/File:Container_stacker_01A.jpg,https://upload.wikimedia.org/wikipedia/commons/0/0f/Container_stacker_01A.jpg?utm_source=commons.wikimedia.org&utm_campaign=imageinfo&utm_content=original,Joe Mabel,Joe Mabel,CC BY-SA 3.0,https://creativecommons.org/licenses/by-sa/3.0,Creative Commons Attribution-Share Alike 3.0,true,image/jpeg,1468,1402,d408a46706cc8b9c79d5afb411d5e41f3cf11e699d57d22d573b8bbdac52d96e,2026-10-02
A_reach_stacker_-_container_handling_equipment.jpg,Wikimedia Commons,https://commons.wikimedia.org/wiki/File:A_reach_stacker_-_container_handling_equipment.jpg,https://upload.wikimedia.org/wikipedia/commons/b/ba/A_reach_stacker_-_container_handling_equipment.jpg?utm_source=commons.wikimedia.org&utm_campaign=imageinfo&utm_content=original,TrainLearnGrow,Own work,CC BY-SA 4.0,https://creativecommons.org/licenses/by-sa/4.0,Creative Commons Attribution-Share Alike 4.0,true,image/jpeg,4000,3000,2ebee9d4d795c2c2c00193c5be372f69088437a5e58517282907764723ca05b9,2026-10-02
Gdansk_Port_Operations__4682460_.jpg,Wikimedia Commons,https://commons.wikimedia.org/wiki/File:Gdansk_Port_Operations_(4682460).jpg,https://upload.wikimedia.org/wikipedia/commons/6/6d/Gdansk_Port_Operations_%284682460%29.jpg?utm_source=commons.wikimedia.org&utm_campaign=imageinfo&utm_content=original,U.S. Army 24TPASE by Sgt. Michael Eaddy,This image was released by the United States Army with the ID 180827-A-ZY466-164 (next). This tag does not indicate the copyright status of the attached work. A normal copyright tag is still required. See Commons:Licensing. العربية ∙ বাংলা ∙ Bahasa Indonesia ∙ Bahaso Jambi ∙ Deutsch ∙ Deutsch (Sie-Form) ∙ English ∙ español ∙ euskara ∙ فارسی ∙ français ∙ italiano ∙ 日本語 ∙ 한국어 ∙ македонски ∙ മലയാളം ∙ Plattdüütsch ∙ Nederlands ∙ polski ∙ پښتو ∙ português ∙ русский ∙ slovenščina ∙ svenska ∙ Türkçe ∙ українська ∙ 简体中文 ∙ 繁體中文 ∙ +/−,Public domain,,Public domain,false,image/jpeg,4329,2914,fc3c19131e90fdef9bc0130b630bcb6a858db7cde08adbdad420abab4dbd4982,2026-10-02
Offloading_Mitsui_O.S.K._freight_container_-_DPLA_-_84fb20bbecec23373f0ae52820792127.jpg,Wikimedia Commons,https://commons.wikimedia.org/wiki/File:Offloading_Mitsui_O.S.K._freight_container_-_DPLA_-_84fb20bbecec23373f0ae52820792127.jpg,https://upload.wikimedia.org/wikipedia/commons/5/56/Offloading_Mitsui_O.S.K._freight_container_-_DPLA_-_84fb20bbecec23373f0ae52820792127.jpg?utm_source=commons.wikimedia.org&utm_campaign=imageinfo&utm_content=original,David E. Lucas,"This file was contributed to Wikimedia Commons by Columbus Metropolitan Library as part of a cooperation project. The donation was facilitated by the Digital Public Library of America, via its partner Ohio Digital Network. Record in source catalog DPLA identifier: 84fb20bbecec23373f0ae52820792127 Columbus Metropolitan Library identifier: DL_B19_R_130",Public domain,,Public domain,false,image/jpeg,3240,2193,6b62d92777837814c2dc52c9f4ea9d86376a64fb3b7fc7fb1abd0c2b15663fb3,2026-10-02
Portainers__WPAhoi__Waltershofer_Hafen__Hamburg__P1080572_.jpg,Wikimedia Commons,"https://commons.wikimedia.org/wiki/File:Portainers,_WPAhoi,_Waltershofer_Hafen,_Hamburg_(P1080572).jpg",https://upload.wikimedia.org/wikipedia/commons/9/93/Portainers%2C_WPAhoi%2C_Waltershofer_Hafen%2C_Hamburg_%28P1080572%29.jpg?utm_source=commons.wikimedia.org&utm_campaign=imageinfo&utm_content=original,Matti Blume,Own work,CC BY-SA 4.0,https://creativecommons.org/licenses/by-sa/4.0,Creative Commons Attribution-Share Alike 4.0,true,image/jpeg,3744,2808,aefd14c45ca1e48c91d56c5ef0b6ce0ccb821f246f1bfdce066ff96f67eed731,2026-10-02
Am_Kamerunkai__Container_crane__WPAhoi__Hamburg__P1080281_.jpg,Wikimedia Commons,"https://commons.wikimedia.org/wiki/File:Am_Kamerunkai,_Container_crane,_WPAhoi,_Hamburg_(P1080281).jpg",https://upload.wikimedia.org/wikipedia/commons/1/1c/Am_Kamerunkai%2C_Container_crane%2C_WPAhoi%2C_Hamburg_%28P1080281%29.jpg?utm_source=commons.wikimedia.org&utm_campaign=imageinfo&utm_content=original,Matti Blume,Own work,CC BY-SA 4.0,https://creativecommons.org/licenses/by-sa/4.0,Creative Commons Attribution-Share Alike 4.0,true,image/jpeg,2080,2600,c28320137d2253c7779a35ddb66463f1c0ab0fd796fe052c4ddceecd6002f839,2026-10-02
Container_crane_in_Gdynia.JPG,Wikimedia Commons,https://commons.wikimedia.org/wiki/File:Container_crane_in_Gdynia.JPG,https://upload.wikimedia.org/wikipedia/commons/3/37/Container_crane_in_Gdynia.JPG?utm_source=commons.wikimedia.org&utm_campaign=imageinfo&utm_content=original,Boatbuilder,Own work,CC BY-SA 3.0,https://creativecommons.org/licenses/by-sa/3.0,Creative Commons Attribution-Share Alike 3.0,true,image/jpeg,4288,2848,dd113b2238b2c1f688b6bc67c205faa95191700e24f5c7922429c5ea1b3af7ec,2026-10-02
Containerbrücke_im_JadeWeserPort.jpg,Wikimedia Commons,https://commons.wikimedia.org/wiki/File:Containerbr%C3%BCcke_im_JadeWeserPort.jpg,https://upload.wikimedia.org/wikipedia/commons/6/66/Containerbr%C3%BCcke_im_JadeWeserPort.jpg?utm_source=commons.wikimedia.org&utm_campaign=imageinfo&utm_content=original,Rhetos,Own work,CC0,http://creativecommons.org/publicdomain/zero/1.0/deed.en,"Creative Commons Zero, Public Domain Dedication",false,image/jpeg,2038,1912,0af189e7c147bf65cae01a6e78eace34bca8b49693bf8a30e88dbec311173014,2026-10-02
ZPMC_Container_cranes.jpg,Wikimedia Commons,https://commons.wikimedia.org/wiki/File:ZPMC_Container_cranes.jpg,https://upload.wikimedia.org/wikipedia/commons/2/26/ZPMC_Container_cranes.jpg?utm_source=commons.wikimedia.org&utm_campaign=imageinfo&utm_content=original,Parttimephotographer,Own work,CC BY-SA 4.0,https://creativecommons.org/licenses/by-sa/4.0,Creative Commons Attribution-Share Alike 4.0,true,image/jpeg,6016,4000,020863b972b1e1f7f23c96b76055b9f0143bad4042ff3623d6c6e1e08b136d82,2026-10-02
Container_crane___Container_terminal___Harbour_Tour___Spido___Rotterdam__30449915312_.jpg,Wikimedia Commons,https://commons.wikimedia.org/wiki/File:Container_crane_@_Container_terminal_@_Harbour_Tour_@_Spido_@_Rotterdam_(30449915312).jpg,https://upload.wikimedia.org/wikipedia/commons/3/35/Container_crane_%40_Container_terminal_%40_Harbour_Tour_%40_Spido_%40_Rotterdam_%2830449915312%29.jpg?utm_source=commons.wikimedia.org&utm_campaign=imageinfo&utm_content=original,"Guilhem Vellut from Annecy, France",Container crane @ Container terminal @ Harbour Tour @ Spido @ Rotterdam,CC BY 2.0,https://creativecommons.org/licenses/by/2.0,Creative Commons Attribution 2.0,true,image/jpeg,5472,3648,bdf25a619acd82dac73e49562f56f1620aeaa9293a06e5a5c6de7bae26ecfa36,2026-10-02
Container_crane___Container_terminal___Harbour_Tour___Spido___Rotterdam__30530491716_.jpg,Wikimedia Commons,https://commons.wikimedia.org/wiki/File:Container_crane_@_Container_terminal_@_Harbour_Tour_@_Spido_@_Rotterdam_(30530491716).jpg,https://upload.wikimedia.org/wikipedia/commons/a/af/Container_crane_%40_Container_terminal_%40_Harbour_Tour_%40_Spido_%40_Rotterdam_%2830530491716%29.jpg?utm_source=commons.wikimedia.org&utm_campaign=imageinfo&utm_content=original,"Guilhem Vellut from Annecy, France",Container crane @ Container terminal @ Harbour Tour @ Spido @ Rotterdam,CC BY 2.0,https://creativecommons.org/licenses/by/2.0,Creative Commons Attribution 2.0,true,image/jpeg,5472,3648,ba1216358feb88929d11edf6c6563c985fb7153a0a0e648065fe225f3dc49e12,2026-10-02
Container_crane___Container_terminal___Harbour_Tour___Spido___Rotterdam__29935477614_.jpg,Wikimedia Commons,https://commons.wikimedia.org/wiki/File:Container_crane_@_Container_terminal_@_Harbour_Tour_@_Spido_@_Rotterdam_(29935477614).jpg,https://upload.wikimedia.org/wikipedia/commons/5/5d/Container_crane_%40_Container_terminal_%40_Harbour_Tour_%40_Spido_%40_Rotterdam_%2829935477614%29.jpg?utm_source=commons.wikimedia.org&utm_campaign=imageinfo&utm_content=original,"Guilhem Vellut from Annecy, France",Container crane @ Container terminal @ Harbour Tour @ Spido @ Rotterdam,CC BY 2.0,https://creativecommons.org/licenses/by/2.0,Creative Commons Attribution 2.0,true,image/jpeg,5472,3648,d90a5ed4993e63d987d4de9e4284df2d7aaf1c87e1c57ce07b5d717bef2be382,2026-10-02
Container_crane___Container_terminal___Harbour_Tour___Spido___Rotterdam__29935452984_.jpg,Wikimedia Commons,https://commons.wikimedia.org/wiki/File:Container_crane_@_Container_terminal_@_Harbour_Tour_@_Spido_@_Rotterdam_(29935452984).jpg,https://upload.wikimedia.org/wikipedia/commons/9/91/Container_crane_%40_Container_terminal_%40_Harbour_Tour_%40_Spido_%40_Rotterdam_%2829935452984%29.jpg?utm_source=commons.wikimedia.org&utm_campaign=imageinfo&utm_content=original,"Guilhem Vellut from Annecy, France",Container crane @ Container terminal @ Harbour Tour @ Spido @ Rotterdam,CC BY 2.0,https://creativecommons.org/licenses/by/2.0,Creative Commons Attribution 2.0,true,image/jpeg,5472,3648,e7a7d6c56011a38acf3130e54d9766468ea3d8d3e04113821130e8ab5dcb6426,2026-10-02
Container_crane___Container_terminal___Harbour_Tour___Spido___Rotterdam__30530486696_.jpg,Wikimedia Commons,https://commons.wikimedia.org/wiki/File:Container_crane_@_Container_terminal_@_Harbour_Tour_@_Spido_@_Rotterdam_(30530486696).jpg,https://upload.wikimedia.org/wikipedia/commons/8/8b/Container_crane_%40_Container_terminal_%40_Harbour_Tour_%40_Spido_%40_Rotterdam_%2830530486696%29.jpg?utm_source=commons.wikimedia.org&utm_campaign=imageinfo&utm_content=original,"Guilhem Vellut from Annecy, France",Container crane @ Container terminal @ Harbour Tour @ Spido @ Rotterdam,CC BY 2.0,https://creativecommons.org/licenses/by/2.0,Creative Commons Attribution 2.0,true,image/jpeg,5472,3648,a564ebfbb73b451676779a267d494efd06abe2f390cd30e36c072b0de4a4c5e3,2026-10-02
Kuantan_Port_Container_Yard_with_Rubber_Tyre_Gantry__View_1_.JPG,Wikimedia Commons,https://commons.wikimedia.org/wiki/File:Kuantan_Port_Container_Yard_with_Rubber_Tyre_Gantry_(View_1).JPG,https://upload.wikimedia.org/wikipedia/commons/9/9c/Kuantan_Port_Container_Yard_with_Rubber_Tyre_Gantry_%28View_1%29.JPG?utm_source=commons.wikimedia.org&utm_campaign=imageinfo&utm_content=original,Original uploader; Only Truth at en.Wikipedia,Original text : Self-made Transfered from en.Wikipedia; en:Image:Kuantan Port Container Yard with Rubber Tyre Gantry (View 1).JPG,CC BY-SA 3.0,http://creativecommons.org/licenses/by-sa/3.0/,Creative Commons Attribution-Share Alike 3.0,true,image/jpeg,2048,1536,66a58d9d6e7e9ff4b9b8a8fc9caab56fdbc33bd5b67c8cb25824c11c79c34c45,2026-10-02
Kuantan_Port_Container_Yard_with_Rubber_Tyre_Gantry.JPG,Wikimedia Commons,https://commons.wikimedia.org/wiki/File:Kuantan_Port_Container_Yard_with_Rubber_Tyre_Gantry.JPG,https://upload.wikimedia.org/wikipedia/commons/1/18/Kuantan_Port_Container_Yard_with_Rubber_Tyre_Gantry.JPG?utm_source=commons.wikimedia.org&utm_campaign=imageinfo&utm_content=original,Original uploader; Only Truth at en.Wikipedia,Original text : Self-made Transfered from en.Wikipedia; en:Image:Kuantan Port Container Yard with Rubber Tyre Gantry.JPG Transfer was stated to be made by User:Yuval Y.,CC BY-SA 3.0,http://creativecommons.org/licenses/by-sa/3.0/,Creative Commons Attribution-Share Alike 3.0,true,image/jpeg,3648,2736,24ff398fdec52e1174e5ff2ee4b533c0dc591e9486a073ec8634581db664f572,2026-10-02
Intermodal_terminal_loading.jpg,Wikimedia Commons,https://commons.wikimedia.org/wiki/File:Intermodal_terminal_loading.jpg,https://upload.wikimedia.org/wikipedia/commons/1/1c/Intermodal_terminal_loading.jpg?utm_source=commons.wikimedia.org&utm_campaign=imageinfo&utm_content=original,"David Wilson from Oak Park, Illinois, USA",20061105 13 BNSF Intermodal Terminal,CC BY 2.0,https://creativecommons.org/licenses/by/2.0,Creative Commons Attribution 2.0,true,image/jpeg,2560,1920,14bde5bbfc142af1612766fdf0c8bc23c3e5565b4fe796d711e9e799f97ba2f4,2026-10-02
RTG_konteinerkraana_Muuga_sadama_konteinerterminalis.jpg,Wikimedia Commons,https://commons.wikimedia.org/wiki/File:RTG_konteinerkraana_Muuga_sadama_konteinerterminalis.jpg,https://upload.wikimedia.org/wikipedia/commons/3/36/RTG_konteinerkraana_Muuga_sadama_konteinerterminalis.jpg?utm_source=commons.wikimedia.org&utm_campaign=imageinfo&utm_content=original,Logistikainsener,Own work,CC BY-SA 4.0,https://creativecommons.org/licenses/by-sa/4.0,Creative Commons Attribution-Share Alike 4.0,true,image/jpeg,3216,2136,7f23c5307178174e5208e2711f9d7da2e295b99779c441d162d2fc0e0ac6044a,2026-10-02
RTG_at_Bintulu_International_Container_Terminal__BICT_.jpg,Wikimedia Commons,https://commons.wikimedia.org/wiki/File:RTG_at_Bintulu_International_Container_Terminal_(BICT).jpg,https://upload.wikimedia.org/wikipedia/commons/5/50/RTG_at_Bintulu_International_Container_Terminal_%28BICT%29.jpg?utm_source=commons.wikimedia.org&utm_campaign=imageinfo&utm_content=original,Richard W Sinyem from Malaysia,https://www.flickr.com/photos/richardsinyem/1183289327/,CC BY 2.0,https://creativecommons.org/licenses/by/2.0,Creative Commons Attribution 2.0,true,image/jpeg,1280,960,1c72712e447563dc79ee8b318b229a5781d142c14d74519d7842b84d418e8f4c,2026-10-02
Konecranes_Kran.JPG,Wikimedia Commons,https://commons.wikimedia.org/wiki/File:Konecranes_Kran.JPG,https://upload.wikimedia.org/wikipedia/commons/e/e8/Konecranes_Kran.JPG?utm_source=commons.wikimedia.org&utm_campaign=imageinfo&utm_content=original,KarleHorn,Own work,CC BY 3.0,https://creativecommons.org/licenses/by/3.0,Creative Commons Attribution 3.0,true,image/jpeg,3648,2736,2bbd4ab53fe294b2e36c7a3f79afa2d8eab5e59842e89049a6b84a1e13779c69,2026-10-02
Gdynia_BCT_18.jpg,Wikimedia Commons,https://commons.wikimedia.org/wiki/File:Gdynia_BCT_18.jpg,https://upload.wikimedia.org/wikipedia/commons/0/0e/Gdynia_BCT_18.jpg?utm_source=commons.wikimedia.org&utm_campaign=imageinfo&utm_content=original,Andrzej Otrębski,Own work,CC BY-SA 3.0,https://creativecommons.org/licenses/by-sa/3.0,Creative Commons Attribution-Share Alike 3.0,true,image/jpeg,2816,2112,19edcd245913775b900bd400b6bcb4fa02bd933d034cd2eab35f594aef2c9113,2026-10-02
Kuantan_Port_Container_Yard_with_RTG___Reach_Stacker.JPG,Wikimedia Commons,https://commons.wikimedia.org/wiki/File:Kuantan_Port_Container_Yard_with_RTG_%26_Reach_Stacker.JPG,https://upload.wikimedia.org/wikipedia/commons/0/0d/Kuantan_Port_Container_Yard_with_RTG_%26_Reach_Stacker.JPG?utm_source=commons.wikimedia.org&utm_campaign=imageinfo&utm_content=original,Only Truth,Own work (Original text: Self-made),CC BY-SA 3.0,http://creativecommons.org/licenses/by-sa/3.0/,Creative Commons Attribution-Share Alike 3.0,true,image/jpeg,2048,1536,6d1fbd5fb971db0ff0edb1a98ccf49bc2d4fa86d608a0627c912b5dc65d59a30,2026-10-02
MAERSK_HANOI_Container_Ship__Port_Koper_SIKOP__2023_.jpg,Wikimedia Commons,"https://commons.wikimedia.org/wiki/File:MAERSK_HANOI_Container_Ship_(Port_Koper_SIKOP,_2023).jpg",https://upload.wikimedia.org/wikipedia/commons/c/c8/MAERSK_HANOI_Container_Ship_%28Port_Koper_SIKOP%2C_2023%29.jpg?utm_source=commons.wikimedia.org&utm_campaign=imageinfo&utm_content=original,Petar Milošević,Own work,CC BY-SA 4.0,https://creativecommons.org/licenses/by-sa/4.0,Creative Commons Attribution-Share Alike 4.0,true,image/jpeg,5280,3956,9127563b986b03c229c9a3d129d09daf000d8ed97006cbe69428c91070038297,2026-10-02
Container_Ship.jpg,Wikimedia Commons,https://commons.wikimedia.org/wiki/File:Container_Ship.jpg,https://upload.wikimedia.org/wikipedia/commons/f/f6/Container_Ship.jpg?utm_source=commons.wikimedia.org&utm_campaign=imageinfo&utm_content=original,Muhammad Mahdi Karim,Own work,GFDL 1.2,http://www.gnu.org/licenses/old-licenses/fdl-1.2.html,GNU Free Documentation License 1.2,true,image/jpeg,4469,2592,78d7f061001ec7f9bcc85c8006a5640df57007fbef01954ff1a13b09d337f419,2026-10-02
Container_ships_Jessica_B__IMO_9226384__and_Marianne_Schulte__IMO_9215907__at_the_container_terminal_Burchardkai__port_of_Hamburg-4748.jpg,Wikimedia Commons,"https://commons.wikimedia.org/wiki/File:Container_ships_Jessica_B_(IMO_9226384)_and_Marianne_Schulte_(IMO_9215907)_at_the_container_terminal_Burchardkai,_port_of_Hamburg-4748.jpg",https://upload.wikimedia.org/wikipedia/commons/b/b5/Container_ships_Jessica_B_%28IMO_9226384%29_and_Marianne_Schulte_%28IMO_9215907%29_at_the_container_terminal_Burchardkai%2C_port_of_Hamburg-4748.jpg?utm_source=commons.wikimedia.org&utm_campaign=imageinfo&utm_content=original,Raimond Spekking,Own work,CC BY-SA 4.0,https://creativecommons.org/licenses/by-sa/4.0,Creative Commons Attribution-Share Alike 4.0,true,image/jpeg,4636,2608,cc7ce20e0c888b9d9c8c9ff1873e37c549dbef61c83fb5cb25f264527fa60508,2026-10-02
Maersk_Huacho_container_ship_at_Pasir_Panjang_Container_Terminal.jpg,Wikimedia Commons,https://commons.wikimedia.org/wiki/File:Maersk_Huacho_container_ship_at_Pasir_Panjang_Container_Terminal.jpg,https://upload.wikimedia.org/wikipedia/commons/e/e6/Maersk_Huacho_container_ship_at_Pasir_Panjang_Container_Terminal.jpg?utm_source=commons.wikimedia.org&utm_campaign=imageinfo&utm_content=original,Wzhkevin,Own work,CC BY-SA 4.0,https://creativecommons.org/licenses/by-sa/4.0,Creative Commons Attribution-Share Alike 4.0,true,image/jpeg,4032,3024,00e130f9bad47e21750c8310b3df9a1f172da94ecae0e6d498c773641df14a79,2026-10-02
Fesco_container_ship_in_Port_Vostochniy.jpg,Wikimedia Commons,https://commons.wikimedia.org/wiki/File:Fesco_container_ship_in_Port_Vostochniy.jpg,https://upload.wikimedia.org/wikipedia/commons/0/0e/Fesco_container_ship_in_Port_Vostochniy.jpg?utm_source=commons.wikimedia.org&utm_campaign=imageinfo&utm_content=original,Unknown authorUnknown author,http://vladivostok.usconsulate.gov/archive/port.html,Public domain,,Public domain,false,image/jpeg,230,173,f43f5f9c27fea5989055667b6b96f2248e170a98678695cba99ee8cf680668e4,2026-10-02
Hapag-Lloyd_Container_Ship_Tokyo_Express_in_Colon_Panama_2016_6070.jpg,Wikimedia Commons,https://commons.wikimedia.org/wiki/File:Hapag-Lloyd_Container_Ship_Tokyo_Express_in_Colon_Panama_2016_6070.jpg,https://upload.wikimedia.org/wikipedia/commons/5/55/Hapag-Lloyd_Container_Ship_Tokyo_Express_in_Colon_Panama_2016_6070.jpg?utm_source=commons.wikimedia.org&utm_campaign=imageinfo&utm_content=original,Paul Harrison,Own work,CC BY-SA 4.0,https://creativecommons.org/licenses/by-sa/4.0,Creative Commons Attribution-Share Alike 4.0,true,image/jpeg,5409,2836,4da6289258b30d828a8abbfe950ed31573dd380246323868cf73554d4997abb6,2026-10-02
Maersk_Sealand_Vessel_Hull_Hold_Hatch_Crane_Container_Brazil.jpg,Wikimedia Commons,https://commons.wikimedia.org/wiki/File:Maersk_Sealand_Vessel_Hull_Hold_Hatch_Crane_Container_Brazil.jpg,https://upload.wikimedia.org/wikipedia/commons/b/bd/Maersk_Sealand_Vessel_Hull_Hold_Hatch_Crane_Container_Brazil.jpg?utm_source=commons.wikimedia.org&utm_campaign=imageinfo&utm_content=original,SteKrueBe,Own work,CC BY-SA 4.0,https://creativecommons.org/licenses/by-sa/4.0,Creative Commons Attribution-Share Alike 4.0,true,image/jpeg,1600,1200,09a062485ef401cf187cb7093b5bf3731394b56e8b6801af30cf7b8da28a8d90,2026-10-02
Container_Terminal_Burchardkai_-_Hamburg__2007_.jpg,Wikimedia Commons,https://commons.wikimedia.org/wiki/File:Container_Terminal_Burchardkai_-_Hamburg_(2007).jpg,https://upload.wikimedia.org/wikipedia/commons/6/6d/Container_Terminal_Burchardkai_-_Hamburg_%282007%29.jpg?utm_source=commons.wikimedia.org&utm_campaign=imageinfo&utm_content=original,Leo Johannes,Own work,CC BY-SA 4.0,https://creativecommons.org/licenses/by-sa/4.0,Creative Commons Attribution-Share Alike 4.0,true,image/jpeg,3300,2200,fa0d279307e674b648b29a282c04e1d7514a01f89c01d4ade6abb35b1c918b01,2026-10-02
HK_Hung_Hum_Container_Pier_1.JPG,Wikimedia Commons,https://commons.wikimedia.org/wiki/File:HK_Hung_Hum_Container_Pier_1.JPG,https://upload.wikimedia.org/wikipedia/commons/2/23/HK_Hung_Hum_Container_Pier_1.JPG?utm_source=commons.wikimedia.org&utm_campaign=imageinfo&utm_content=original,VictoriaOP,Own work,CC BY-SA 3.0,http://creativecommons.org/licenses/by-sa/3.0/,Creative Commons Attribution-Share Alike 3.0,true,image/jpeg,1600,1200,9e54f09f06b5a1684fd0613407e4e68e95c2c71de3a148cd3f32d21c36a69692,2026-10-02
2019-03-19_01_CAUQUENES_-_IMO_9687552.jpg,Wikimedia Commons,https://commons.wikimedia.org/wiki/File:2019-03-19_01_CAUQUENES_-_IMO_9687552.jpg,https://upload.wikimedia.org/wikipedia/commons/a/a6/2019-03-19_01_CAUQUENES_-_IMO_9687552.jpg?utm_source=commons.wikimedia.org&utm_campaign=imageinfo&utm_content=original,Gordon Leggett,Own work,CC BY-SA 4.0,https://creativecommons.org/licenses/by-sa/4.0,Creative Commons Attribution-Share Alike 4.0,true,image/jpeg,5461,3646,9887dac9ab38f75e334d7a3edec54f9d83d5c5cd737cea7f370eced2485fb8de,2026-10-02
Kalmar_DRG450_Containerstapler_in_Bremen__2024_.jpg,Wikimedia Commons,https://commons.wikimedia.org/wiki/File:Kalmar_DRG450_Containerstapler_in_Bremen_(2024).jpg,https://upload.wikimedia.org/wikipedia/commons/7/77/Kalmar_DRG450_Containerstapler_in_Bremen_%282024%29.jpg?utm_source=commons.wikimedia.org&utm_campaign=imageinfo&utm_content=original,JoachimKohler-HB,Own work,CC BY-SA 4.0,https://creativecommons.org/licenses/by-sa/4.0,Creative Commons Attribution-Share Alike 4.0,true,image/jpeg,4800,3200,1aade9577fa5b265b7bfbcee5b16096029acc08c39742e59223173c03098d677,2026-10-02
2_Reach_Stacker_fuer_Leer_Container.jpg,Wikimedia Commons,https://commons.wikimedia.org/wiki/File:2_Reach_Stacker_fuer_Leer_Container.jpg,https://upload.wikimedia.org/wikipedia/commons/f/f3/2_Reach_Stacker_fuer_Leer_Container.jpg?utm_source=commons.wikimedia.org&utm_campaign=imageinfo&utm_content=original,No machine-readable author provided. Daniel@linsbauer.de~commonswiki assumed (based on copyright claims).,No machine-readable source provided. Own work assumed (based on copyright claims).,Public domain,,Public domain,false,image/jpeg,2272,1704,ff6e230841585c2b9d4a3400f6c879aa43d41ca46aeded6e735066661e4af0cb,2026-10-02
Reach_Stacker_SMV_4531_TB5.JPG,Wikimedia Commons,https://commons.wikimedia.org/wiki/File:Reach_Stacker_SMV_4531_TB5.JPG,https://upload.wikimedia.org/wikipedia/commons/2/21/Reach_Stacker_SMV_4531_TB5.JPG?utm_source=commons.wikimedia.org&utm_campaign=imageinfo&utm_content=original,TeWeBs,Own work,CC BY-SA 4.0,https://creativecommons.org/licenses/by-sa/4.0,Creative Commons Attribution-Share Alike 4.0,true,image/jpeg,4352,3264,40b49fad17c0ab46499dd4eff4f5ef2336c7a332e4a5ee87d15c0083b1628a55,2026-10-02
4_Torshavn_reach_stacker_250918.jpg,Wikimedia Commons,https://commons.wikimedia.org/wiki/File:4_Torshavn_reach_stacker_250918.jpg,https://upload.wikimedia.org/wikipedia/commons/3/32/4_Torshavn_reach_stacker_250918.jpg?utm_source=commons.wikimedia.org&utm_campaign=imageinfo&utm_content=original,NAC,Own work,CC BY-SA 4.0,https://creativecommons.org/licenses/by-sa/4.0,Creative Commons Attribution-Share Alike 4.0,true,image/jpeg,2048,1365,a24463438df2705de6a15686f72c397eb2234f62cdbfc9e7239ba67eddea5675,2026-10-02
Kalmar_DRG450_Containerstapler_im_Hafen_von_Bremen__2024_.jpg,Wikimedia Commons,https://commons.wikimedia.org/wiki/File:Kalmar_DRG450_Containerstapler_im_Hafen_von_Bremen_(2024).jpg,https://upload.wikimedia.org/wikipedia/commons/0/04/Kalmar_DRG450_Containerstapler_im_Hafen_von_Bremen_%282024%29.jpg?utm_source=commons.wikimedia.org&utm_campaign=imageinfo&utm_content=original,JoachimKohler-HB,Own work,CC BY-SA 4.0,https://creativecommons.org/licenses/by-sa/4.0,Creative Commons Attribution-Share Alike 4.0,true,image/jpeg,4800,3200,1d9832b4c6ee950826ee20530829e3fe25ab3fd845f92b96df947208eda11c4b,2026-10-02
A_stacker_operator_maneuvers_an_intermodal__ISO__container_filled_with_hydrolysate..jpg,Wikimedia Commons,https://commons.wikimedia.org/wiki/File:A_stacker_operator_maneuvers_an_intermodal_(ISO)_container_filled_with_hydrolysate..jpg,https://upload.wikimedia.org/wikipedia/commons/6/62/A_stacker_operator_maneuvers_an_intermodal_%28ISO%29_container_filled_with_hydrolysate..jpg?utm_source=commons.wikimedia.org&utm_campaign=imageinfo&utm_content=original,The U.S. Army Chemical Materials Activity (CMA),The U.S. Army Chemical Materials Activity (CMA),Public domain,,Public domain,false,image/jpeg,2560,1920,bcf1c10124783d250b7d4fde3aaca3a1a346393a70a43a84c0bed3967420b700,2026-10-02
Container_Stacking__Port_Of_Onehunga.jpg,Wikimedia Commons,"https://commons.wikimedia.org/wiki/File:Container_Stacking,_Port_Of_Onehunga.jpg",https://upload.wikimedia.org/wikipedia/commons/d/d4/Container_Stacking%2C_Port_Of_Onehunga.jpg?utm_source=commons.wikimedia.org&utm_campaign=imageinfo&utm_content=original,Ingolfson,Self-photographed,Public domain,,Public domain,false,image/jpeg,1600,1200,3219f1b3014ced2cc09ef95f72946c2ea533fd849d761fcf35e43365c5374e02,2026-10-02
40_GMI_12.jpg,Wikimedia Commons,https://commons.wikimedia.org/wiki/File:40_GMI_12.jpg,https://upload.wikimedia.org/wikipedia/commons/6/66/40_GMI_12.jpg?utm_source=commons.wikimedia.org&utm_campaign=imageinfo&utm_content=original,Silverstar1953,Own work,CC BY-SA 4.0,https://creativecommons.org/licenses/by-sa/4.0,Creative Commons Attribution-Share Alike 4.0,true,image/jpeg,1300,900,2f39b6ad84b8b269f0245c843bd7f6fa567e08b6eb751b0222e5bd0a7dba7c2e,2026-10-02
ภาพคล_งส_นค_า.jpg,Wikimedia Commons,https://commons.wikimedia.org/wiki/File:%E0%B8%A0%E0%B8%B2%E0%B8%9E%E0%B8%84%E0%B8%A5%E0%B8%B1%E0%B8%87%E0%B8%AA%E0%B8%B4%E0%B8%99%E0%B8%84%E0%B9%89%E0%B8%B2.jpg,https://upload.wikimedia.org/wikipedia/commons/e/e5/%E0%B8%A0%E0%B8%B2%E0%B8%9E%E0%B8%84%E0%B8%A5%E0%B8%B1%E0%B8%87%E0%B8%AA%E0%B8%B4%E0%B8%99%E0%B8%84%E0%B9%89%E0%B8%B2.jpg?utm_source=commons.wikimedia.org&utm_campaign=imageinfo&utm_content=original,เจดับเบิ้ลยูดี,Own work,CC BY-SA 4.0,https://creativecommons.org/licenses/by-sa/4.0,Creative Commons Attribution-Share Alike 4.0,true,image/jpeg,2401,3202,3300c962a97714e63c154279e344102bf6799a8b102376774c42fbf971828e2d,2026-10-02
Río_Saigón__Ciudad_Ho_Chi_Minh__Vietnam__2013-08-14__DD_28.JPG,Wikimedia Commons,"https://commons.wikimedia.org/wiki/File:R%C3%ADo_Saig%C3%B3n,_Ciudad_Ho_Chi_Minh,_Vietnam,_2013-08-14,_DD_28.JPG",https://upload.wikimedia.org/wikipedia/commons/7/7d/R%C3%ADo_Saig%C3%B3n%2C_Ciudad_Ho_Chi_Minh%2C_Vietnam%2C_2013-08-14%2C_DD_28.JPG?utm_source=commons.wikimedia.org&utm_campaign=imageinfo&utm_content=original,Diego Delso,Own work,CC BY-SA 3.0,https://creativecommons.org/licenses/by-sa/3.0,Creative Commons Attribution-Share Alike 3.0,true,image/jpeg,5207,3020,0333cfe4d8e390b4451207c49445dfdfd0d1083ee3348c28a56b9e67aa287dc2,2026-10-02
Tetrahydrofuran_tank_containers_in_Rotterdam.jpg,Wikimedia Commons,https://commons.wikimedia.org/wiki/File:Tetrahydrofuran_tank_containers_in_Rotterdam.jpg,https://upload.wikimedia.org/wikipedia/commons/f/f9/Tetrahydrofuran_tank_containers_in_Rotterdam.jpg?utm_source=commons.wikimedia.org&utm_campaign=imageinfo&utm_content=original,Gerd Fahrenhorst,Own work,CC BY 4.0,https://creativecommons.org/licenses/by/4.0,Creative Commons Attribution 4.0,true,image/jpeg,4896,3672,0bbb01e11b649e521669a82870d6c81506aad844f85b4068c616f6b739fd5b59,2026-10-02
CIMC_milk_tank_container.jpg,Wikimedia Commons,https://commons.wikimedia.org/wiki/File:CIMC_milk_tank_container.jpg,https://upload.wikimedia.org/wikipedia/commons/5/5c/CIMC_milk_tank_container.jpg?utm_source=commons.wikimedia.org&utm_campaign=imageinfo&utm_content=original,TCC1,Own work,CC BY-SA 3.0,https://creativecommons.org/licenses/by-sa/3.0,Creative Commons Attribution-Share Alike 3.0,true,image/jpeg,800,655,5158963656e5fd7ff5c7b805ce1d8ed1869f95ac2702ea30001e0741012ff34b,2026-10-02
NRSU_561365-6_20__tank_container.jpg,Wikimedia Commons,https://commons.wikimedia.org/wiki/File:NRSU_561365-6_20%27_tank_container.jpg,https://upload.wikimedia.org/wikipedia/commons/7/75/NRSU_561365-6_20%27_tank_container.jpg?utm_source=commons.wikimedia.org&utm_campaign=imageinfo&utm_content=original,Sludge G,https://www.flickr.com/photos/sludgeulper/55433349909/,CC BY-SA 4.0,https://creativecommons.org/licenses/by-sa/4.0,Creative Commons Attribution-Share Alike 4.0,true,image/jpeg,3072,2304,d7a802b558b22e5d3df641143e12575c32c29d7f228bbe38bc8c6eef623f9982,2026-10-02
Container___20T6___MYGU_200224_3_---No_1___Container_pictures_taken_in_Japan__.jpg,Wikimedia Commons,"https://commons.wikimedia.org/wiki/File:Container_%E3%80%90_20T6_%E3%80%91_MYGU_200224(3)---No,1_%E3%80%90_Container_pictures_taken_in_Japan_%E3%80%91.jpg",https://upload.wikimedia.org/wikipedia/commons/1/13/Container_%E3%80%90_20T6_%E3%80%91_MYGU_200224%283%29---No%2C1_%E3%80%90_Container_pictures_taken_in_Japan_%E3%80%91.jpg?utm_source=commons.wikimedia.org&utm_campaign=imageinfo&utm_content=original,Gazouya-japan,Own work,CC BY-SA 4.0,https://creativecommons.org/licenses/by-sa/4.0,Creative Commons Attribution-Share Alike 4.0,true,image/jpeg,1024,768,6b96a43bf400357972738db485a62bbcc3d02217126aeff9bf37e87cca5e7829,2026-10-02
Exsif-TAL_22T6_TRLU_050580_7.jpg,Wikimedia Commons,https://commons.wikimedia.org/wiki/File:Exsif-TAL_22T6_TRLU_050580_7.jpg,https://upload.wikimedia.org/wikipedia/commons/a/ad/Exsif-TAL_22T6_TRLU_050580_7.jpg?utm_source=commons.wikimedia.org&utm_campaign=imageinfo&utm_content=original,Col André Kritzinger,Own work,CC BY-SA 3.0,https://creativecommons.org/licenses/by-sa/3.0,Creative Commons Attribution-Share Alike 3.0,true,image/jpeg,640,436,ddfc314ea2acdd5da3ca54b5583dd141d3bf11c91611916f78d23b7ad7b99b2a,2026-10-02
Reefer_container_stacked.jpeg,Wikimedia Commons,https://commons.wikimedia.org/wiki/File:Reefer_container_stacked.jpeg,https://upload.wikimedia.org/wikipedia/commons/7/7d/Reefer_container_stacked.jpeg?utm_source=commons.wikimedia.org&utm_campaign=imageinfo&utm_content=original,Andrea Puggioni,https://www.flickr.com/photos/cebete/330792651,CC BY 2.0,https://creativecommons.org/licenses/by/2.0,Creative Commons Attribution 2.0,true,image/jpeg,1280,960,166438ebc74c873a6d7fae380657500c6d56b30ec0d60c423953a333c04455f9,2026-10-02
Kuantan_Port_Container_Yard_with_REEFER_Service.JPG,Wikimedia Commons,https://commons.wikimedia.org/wiki/File:Kuantan_Port_Container_Yard_with_REEFER_Service.JPG,https://upload.wikimedia.org/wikipedia/commons/7/76/Kuantan_Port_Container_Yard_with_REEFER_Service.JPG?utm_source=commons.wikimedia.org&utm_campaign=imageinfo&utm_content=original,Original uploader; Only Truth at en.Wikipedia,Original text : Self-made Transfered from en.Wikipedia; en:Image:Kuantan Port Container Yard with REEFER Service.JPG,CC BY-SA 3.0,http://creativecommons.org/licenses/by-sa/3.0/,Creative Commons Attribution-Share Alike 3.0,true,image/jpeg,2048,1536,e23c061c5fa458f22f954438def5aae668d3ff120720cf73f5e8f44380f51e58,2026-10-02
Container___2239___JHVU_021102_1_---No_5___Container_pictures_taken_in_Japan__.jpg,Wikimedia Commons,"https://commons.wikimedia.org/wiki/File:Container_%E3%80%90_2239_%E3%80%91_JHVU_021102(1)---No,5_%E3%80%90_Container_pictures_taken_in_Japan_%E3%80%91.jpg",https://upload.wikimedia.org/wikipedia/commons/7/79/Container_%E3%80%90_2239_%E3%80%91_JHVU_021102%281%29---No%2C5_%E3%80%90_Container_pictures_taken_in_Japan_%E3%80%91.jpg?utm_source=commons.wikimedia.org&utm_campaign=imageinfo&utm_content=original,Gazouya-japan,Own work,CC BY-SA 4.0,https://creativecommons.org/licenses/by-sa/4.0,Creative Commons Attribution-Share Alike 4.0,true,image/jpeg,1024,768,bc83e50de87076dd0af944d842ee50659148ae8d8a56aae9d27300f6fa376e53,2026-10-02
Reefer_Socket.jpg,Wikimedia Commons,https://commons.wikimedia.org/wiki/File:Reefer_Socket.jpg,https://upload.wikimedia.org/wikipedia/commons/0/07/Reefer_Socket.jpg?utm_source=commons.wikimedia.org&utm_campaign=imageinfo&utm_content=original,SUBRAMANIAM1103,Own work,CC BY-SA 4.0,https://creativecommons.org/licenses/by-sa/4.0,Creative Commons Attribution-Share Alike 4.0,true,image/jpeg,3901,3249,520bfe9a52682a2933b0cfdc33494852bc2334455b3bfb62dba81ab18123fb41,2026-10-02
Maersk_reefer_container_on_a_straddle_carrier_in_APM_Terminals__Rotterdam.__8020736977_.jpg,Wikimedia Commons,"https://commons.wikimedia.org/wiki/File:Maersk_reefer_container_on_a_straddle_carrier_in_APM_Terminals,_Rotterdam._(8020736977).jpg",https://upload.wikimedia.org/wikipedia/commons/f/f1/Maersk_reefer_container_on_a_straddle_carrier_in_APM_Terminals%2C_Rotterdam._%288020736977%29.jpg?utm_source=commons.wikimedia.org&utm_campaign=imageinfo&utm_content=original,Maersk Line,"#maersk reefer #container on a straddle carrier in APM Terminals, Rotterdam.",CC BY-SA 2.0,https://creativecommons.org/licenses/by-sa/2.0,Creative Commons Attribution-Share Alike 2.0,true,image/jpeg,612,612,868e92c6978661cdc5438dda41089ef7ab08e60cadaaf28c4bd8123116782bed,2026-10-02
Container___2232___MSCU_361267_0_---No_1___Pictures_taken_in_Japan__.jpg,Wikimedia Commons,"https://commons.wikimedia.org/wiki/File:Container_%E3%80%90_2232_%E3%80%91_MSCU_361267(0)---No,1_%E3%80%90_Pictures_taken_in_Japan_%E3%80%91.jpg",https://upload.wikimedia.org/wikipedia/commons/0/0a/Container_%E3%80%90_2232_%E3%80%91_MSCU_361267%280%29---No%2C1_%E3%80%90_Pictures_taken_in_Japan_%E3%80%91.jpg?utm_source=commons.wikimedia.org&utm_campaign=imageinfo&utm_content=original,Gazouya-japan,Own work,CC BY-SA 4.0,https://creativecommons.org/licenses/by-sa/4.0,Creative Commons Attribution-Share Alike 4.0,true,image/jpeg,1412,850,8321a8387d3e789158a0a4c5c983be6a4e4594015c3aef21f2db028564468553,2026-10-02
Container___4532___HJCU_697501_7____Pictures_taken_in_Japan__.jpg,Wikimedia Commons,https://commons.wikimedia.org/wiki/File:Container_%E3%80%90_4532_%E3%80%91_HJCU_697501(7)_%E3%80%90_Pictures_taken_in_Japan_%E3%80%91.jpg,https://upload.wikimedia.org/wikipedia/commons/e/e8/Container_%E3%80%90_4532_%E3%80%91_HJCU_697501%287%29_%E3%80%90_Pictures_taken_in_Japan_%E3%80%91.jpg?utm_source=commons.wikimedia.org&utm_campaign=imageinfo&utm_content=original,"This file is licensed under the Creative Commons Attribution-Share Alike 4.0 International license.Attribution: Gazouya-japan You are free: to share – to copy, distribute and transmit the work to remix – to adapt the work Under the following conditions: attribution – You must give appropriate credit, provide a link to the license, and indicate if changes were made. You may do so in any reasonable manner, but not in any way that suggests the licensor endorses you or your use. share alike – If you remix, transform, or build upon the material, you must distribute your contributions under the same or compatible license as the original.https://creativecommons.org/licenses/by-sa/4.0CC BY-SA 4.0 Creative Commons Attribution-Share Alike 4.0 truetrue",Own work,CC BY-SA 4.0,https://creativecommons.org/licenses/by-sa/4.0,Creative Commons Attribution-Share Alike 4.0,true,image/jpeg,1384,976,9a0c68e89cea16148599452dc339d5a8e3ba63b6ee3e99dc202fd155764bcf10,2026-10-02
Container___45R1___KLFU_596283_7____Pictures_taken_in_Japan__.jpg,Wikimedia Commons,https://commons.wikimedia.org/wiki/File:Container_%E3%80%90_45R1_%E3%80%91_KLFU_596283(7)_%E3%80%90_Pictures_taken_in_Japan_%E3%80%91.jpg,https://upload.wikimedia.org/wikipedia/commons/5/54/Container_%E3%80%90_45R1_%E3%80%91_KLFU_596283%287%29_%E3%80%90_Pictures_taken_in_Japan_%E3%80%91.jpg?utm_source=commons.wikimedia.org&utm_campaign=imageinfo&utm_content=original,Gazouya-japan,Own work,CC BY-SA 4.0,https://creativecommons.org/licenses/by-sa/4.0,Creative Commons Attribution-Share Alike 4.0,true,image/jpeg,1024,768,0cf46ed70990058ad831dce1e06dec03738c3096db85745fd6f8653911290e69,2026-10-02
Container_storage_yard_in_Galena_Park__TX.jpg,Wikimedia Commons,"https://commons.wikimedia.org/wiki/File:Container_storage_yard_in_Galena_Park,_TX.jpg",https://upload.wikimedia.org/wikipedia/commons/3/32/Container_storage_yard_in_Galena_Park%2C_TX.jpg?utm_source=commons.wikimedia.org&utm_campaign=imageinfo&utm_content=original,Quintin Soloviev,Own work,CC BY 4.0,https://creativecommons.org/licenses/by/4.0,Creative Commons Attribution 4.0,true,image/jpeg,7954,5303,c4ef07c2f506129c8c03049c1bafedc87158b85b9ee123c0e94c04aaafb0bdf3,2026-10-02
Container_Yard_Teesport_-_geograph.org.uk_-_1449972.jpg,Wikimedia Commons,"https://commons.wikimedia.org/wiki/File:Container_Yard,Teesport_-_geograph.org.uk_-_1449972.jpg",https://upload.wikimedia.org/wikipedia/commons/c/c5/Container_Yard%2CTeesport_-_geograph.org.uk_-_1449972.jpg?utm_source=commons.wikimedia.org&utm_campaign=imageinfo&utm_content=original,Mick Garratt,From geograph.org.uk,CC BY-SA 2.0,https://creativecommons.org/licenses/by-sa/2.0,Creative Commons Attribution-Share Alike 2.0,true,image/jpeg,609,406,e56c9564148e4f696517104f9335a5579ab1bc2b390f84a14cc281faf6c1f004,2026-10-02
Malcolm_Logistics_container_yard_-_geograph.org.uk_-_2393068.jpg,Wikimedia Commons,https://commons.wikimedia.org/wiki/File:Malcolm_Logistics_container_yard_-_geograph.org.uk_-_2393068.jpg,https://upload.wikimedia.org/wikipedia/commons/0/0d/Malcolm_Logistics_container_yard_-_geograph.org.uk_-_2393068.jpg?utm_source=commons.wikimedia.org&utm_campaign=imageinfo&utm_content=original,Thomas Nugent,Geograph Britain and Ireland,CC BY-SA 2.0,https://creativecommons.org/licenses/by-sa/2.0,Creative Commons Attribution-Share Alike 2.0,true,image/jpeg,640,480,87a9b1ff29fd8b659a6c3277c2ac3d2eb7cba7ed467d2a7cd22a10e2f06c6eb6,2026-10-02
20_Foot_Shipping_Container_Storage_Yard.jpg,Wikimedia Commons,https://commons.wikimedia.org/wiki/File:20_Foot_Shipping_Container_Storage_Yard.jpg,https://upload.wikimedia.org/wikipedia/commons/0/03/20_Foot_Shipping_Container_Storage_Yard.jpg?utm_source=commons.wikimedia.org&utm_campaign=imageinfo&utm_content=original,IPLManagement,Own work,CC BY-SA 4.0,https://creativecommons.org/licenses/by-sa/4.0,Creative Commons Attribution-Share Alike 4.0,true,image/jpeg,1600,1200,3154e3e6ff442c26fd93ef81ab9e2b9e6cc29464c859794a89c3b8656213ea20,2026-10-02
Container_yard_in_Port_Of_Chittagong.JPG,Wikimedia Commons,https://commons.wikimedia.org/wiki/File:Container_yard_in_Port_Of_Chittagong.JPG,https://upload.wikimedia.org/wikipedia/commons/6/6d/Container_yard_in_Port_Of_Chittagong.JPG?utm_source=commons.wikimedia.org&utm_campaign=imageinfo&utm_content=original,Rafaell Russell,Own work,CC BY-SA 4.0,https://creativecommons.org/licenses/by-sa/4.0,Creative Commons Attribution-Share Alike 4.0,true,image/jpeg,4000,3000,a9bb4146c730bcda2e1eff365cf65e826b679096713571feed0397a7cf43d9d8,2026-10-02
Morehead_City_Container_yard.jpg,Wikimedia Commons,https://commons.wikimedia.org/wiki/File:Morehead_City_Container_yard.jpg,https://upload.wikimedia.org/wikipedia/commons/e/ef/Morehead_City_Container_yard.jpg?utm_source=commons.wikimedia.org&utm_campaign=imageinfo&utm_content=original,U.S. Maritime Administration,http://www.marad.dot.gov/Gallery/MoreheadCity/pages/Container%20yard.htm,Public domain,,Public domain,false,image/jpeg,450,290,79ed27357a2248a96f771790076a8597b7c890bd677e4b9724da72f6b9c97b88,2026-10-02
CONTAINER_YARD_TPS_TANJUNG_PERAK_2012.jpg,Wikimedia Commons,https://commons.wikimedia.org/wiki/File:CONTAINER_YARD_TPS_TANJUNG_PERAK_2012.jpg,https://upload.wikimedia.org/wikipedia/commons/3/3e/CONTAINER_YARD_TPS_TANJUNG_PERAK_2012.jpg?utm_source=commons.wikimedia.org&utm_campaign=imageinfo&utm_content=original,"Hernawan Widhi from Banyuwangi, Indonesia",CONTAINER YARD TPS TANJUNG PERAK,CC BY 2.0,https://creativecommons.org/licenses/by/2.0,Creative Commons Attribution 2.0,true,image/jpeg,1575,1009,9c3d911a6fd4ba0fd844bd1f8be58243e66f33a2c1f02e0285f67e25072fa630,2026-10-02
Port_of_Miami_container_ship_yard.jpg,Wikimedia Commons,https://commons.wikimedia.org/wiki/File:Port_of_Miami_container_ship_yard.jpg,https://upload.wikimedia.org/wikipedia/commons/8/8b/Port_of_Miami_container_ship_yard.jpg?utm_source=commons.wikimedia.org&utm_campaign=imageinfo&utm_content=original,Chuck Kramer,https://www.flickr.com/photos/ckramer/2911769379/,CC BY 2.0,https://creativecommons.org/licenses/by/2.0,Creative Commons Attribution 2.0,true,image/jpeg,4288,2848,f8b7e170ff09c1129b404ca3f035bd0d778fbc13dc72a7be92ce28ef05bedfc5,2026-10-02
Prince_Rupert_Container_Terminal.jpg,Wikimedia Commons,https://commons.wikimedia.org/wiki/File:Prince_Rupert_Container_Terminal.jpg,https://upload.wikimedia.org/wikipedia/commons/d/d4/Prince_Rupert_Container_Terminal.jpg?utm_source=commons.wikimedia.org&utm_campaign=imageinfo&utm_content=original,Sam Beebe,Flickr: Prince Rupert Container Terminal,CC BY 2.0,https://creativecommons.org/licenses/by/2.0,Creative Commons Attribution 2.0,true,image/jpeg,1912,2552,a7addd69a7d1c3257f52756aaa30a094af362a65d189e9e70d92f6100fefc07b,2026-10-02
Container_yard.jpg,Wikimedia Commons,https://commons.wikimedia.org/wiki/File:Container_yard.jpg,https://upload.wikimedia.org/wikipedia/commons/a/a7/Container_yard.jpg?utm_source=commons.wikimedia.org&utm_campaign=imageinfo&utm_content=original,Michalbl4,Own work,CC BY-SA 4.0,https://creativecommons.org/licenses/by-sa/4.0,Creative Commons Attribution-Share Alike 4.0,true,image/jpeg,4330,2887,ceab3d9162e4bdae938c6fe5aac0b5db5ee2df4e597b6293bb9300d384149b78,2026-10-02
Elite_Container_Terminals.jpg,Wikimedia Commons,https://commons.wikimedia.org/wiki/File:Elite_Container_Terminals.jpg,https://upload.wikimedia.org/wikipedia/commons/6/65/Elite_Container_Terminals.jpg?utm_source=commons.wikimedia.org&utm_campaign=imageinfo&utm_content=original,Elitecontainerterminals,Own work,CC BY-SA 4.0,https://creativecommons.org/licenses/by-sa/4.0,Creative Commons Attribution-Share Alike 4.0,true,image/jpeg,4000,2250,92b650f4c569b28412147243e9479fbef3f4a74501c480b334d5ee62f6e9ab03,2026-10-02
Container_crane_and_spreader.jpg,Wikimedia Commons,https://commons.wikimedia.org/wiki/File:Container_crane_and_spreader.jpg,https://upload.wikimedia.org/wikipedia/commons/d/d7/Container_crane_and_spreader.jpg?utm_source=commons.wikimedia.org&utm_campaign=imageinfo&utm_content=original,Danny Cornelissen,http://www.portpictures.nl,Attribution,,,,image/jpeg,544,726,0067075a90714f676216d2cd0c3ba303b68a8011284fd6af730dfea83750321f,2026-10-02
Liebherr_Port_crane_with_container_spreader__O_Swaldkai__Hamburg-9211.jpg,Wikimedia Commons,"https://commons.wikimedia.org/wiki/File:Liebherr_Port_crane_with_container_spreader,_O%E2%80%99Swaldkai,_Hamburg-9211.jpg",https://upload.wikimedia.org/wikipedia/commons/a/a5/Liebherr_Port_crane_with_container_spreader%2C_O%E2%80%99Swaldkai%2C_Hamburg-9211.jpg?utm_source=commons.wikimedia.org&utm_campaign=imageinfo&utm_content=original,Raimond Spekking,Own work,CC BY-SA 4.0,https://creativecommons.org/licenses/by-sa/4.0,Creative Commons Attribution-Share Alike 4.0,true,image/jpeg,4480,6720,0ee1cb1b229bc4e0a6338c3b209fc8dbcee2b872645bef5a15e06fc9110d73ed,2026-10-02
OPDR_Container_Handling_at_Terminal.JPG,Wikimedia Commons,https://commons.wikimedia.org/wiki/File:OPDR_Container_Handling_at_Terminal.JPG,https://upload.wikimedia.org/wikipedia/commons/d/d0/OPDR_Container_Handling_at_Terminal.JPG?utm_source=commons.wikimedia.org&utm_campaign=imageinfo&utm_content=original,Sonne1882,Own work,CC BY-SA 3.0,https://creativecommons.org/licenses/by-sa/3.0,Creative Commons Attribution-Share Alike 3.0,true,image/jpeg,5184,3456,441172db0599ff4979843623c39f29d333619f80662f708045de2fbe67b89d18,2026-10-02
Blue_Grass_Chemical_Agent-Destruction_Pilot_Plant_Enhanced_On-site_Containers__5385117050_.jpg,Wikimedia Commons,https://commons.wikimedia.org/wiki/File:Blue_Grass_Chemical_Agent-Destruction_Pilot_Plant_Enhanced_On-site_Containers_(5385117050).jpg,https://upload.wikimedia.org/wikipedia/commons/7/74/Blue_Grass_Chemical_Agent-Destruction_Pilot_Plant_Enhanced_On-site_Containers_%285385117050%29.jpg?utm_source=commons.wikimedia.org&utm_campaign=imageinfo&utm_content=original,PEO ACWA,Blue Grass Chemical Agent-Destruction Pilot Plant Enhanced On-site Containers,CC BY 2.0,https://creativecommons.org/licenses/by/2.0,Creative Commons Attribution 2.0,true,image/jpeg,4288,2848,55b4ef87a83cd2d230d4a1fca54e77bda6cb26cbeed32fa447d3096e0addf5a1,2026-10-02
Flickr_-_Israel_Defense_Forces_-_Unloading_the_Weaponry.jpg,Wikimedia Commons,https://commons.wikimedia.org/wiki/File:Flickr_-_Israel_Defense_Forces_-_Unloading_the_Weaponry.jpg,https://upload.wikimedia.org/wikipedia/commons/1/15/Flickr_-_Israel_Defense_Forces_-_Unloading_the_Weaponry.jpg?utm_source=commons.wikimedia.org&utm_campaign=imageinfo&utm_content=original,Israel Defense Forces,Unloading the Weaponry,CC BY-SA 2.0,https://creativecommons.org/licenses/by-sa/2.0,Creative Commons Attribution-Share Alike 2.0,true,image/jpeg,2129,1408,ffd0e4ff294857d11ca529d9d2c0bde962d85526c24f0ea5420c64083d2c3a8e,2026-10-02
2016-06-13_MV-LISA_2019_Entladung_der_MS_FREYA_am_Burchardkai.jpg,Wikimedia Commons,https://commons.wikimedia.org/wiki/File:2016-06-13_MV-LISA_2019_Entladung_der_MS_FREYA_am_Burchardkai.jpg,https://upload.wikimedia.org/wikipedia/commons/0/06/2016-06-13_MV-LISA_2019_Entladung_der_MS_FREYA_am_Burchardkai.jpg?utm_source=commons.wikimedia.org&utm_campaign=imageinfo&utm_content=original,Eduard47,Own work,CC BY-SA 4.0,https://creativecommons.org/licenses/by-sa/4.0,Creative Commons Attribution-Share Alike 4.0,true,image/jpeg,4752,3168,78e49d967a653510da6a6af8f443cb93cd8ca8920460a10a142e58007f71f03f,2026-10-02
2016-06-13_21_MV-LISA_979_In_Norrköpings_Hamn.jpg,Wikimedia Commons,https://commons.wikimedia.org/wiki/File:2016-06-13_21_MV-LISA_979_In_Norrk%C3%B6pings_Hamn.jpg,https://upload.wikimedia.org/wikipedia/commons/3/3d/2016-06-13_21_MV-LISA_979_In_Norrk%C3%B6pings_Hamn.jpg?utm_source=commons.wikimedia.org&utm_campaign=imageinfo&utm_content=original,Eduard47,Own work,CC BY-SA 4.0,https://creativecommons.org/licenses/by-sa/4.0,Creative Commons Attribution-Share Alike 4.0,true,image/jpeg,4752,3168,613f889d711230ee3262e4628dcb460aa62d6bd491c390508d9d2853abcc30e8,2026-10-02
2016-06-13_MV-LISA_092_Ladearbeiten_am_Burchardkai.jpg,Wikimedia Commons,https://commons.wikimedia.org/wiki/File:2016-06-13_MV-LISA_092_Ladearbeiten_am_Burchardkai.jpg,https://upload.wikimedia.org/wikipedia/commons/d/df/2016-06-13_MV-LISA_092_Ladearbeiten_am_Burchardkai.jpg?utm_source=commons.wikimedia.org&utm_campaign=imageinfo&utm_content=original,Eduard47,Own work,CC BY-SA 4.0,https://creativecommons.org/licenses/by-sa/4.0,Creative Commons Attribution-Share Alike 4.0,true,image/jpeg,4752,3168,33f81cc0f7d3c32fb024707f7550c3726fcd59f3b1ce58100f2327e329ce0ee3,2026-10-02
2016-06-13_MV-LISA_106_Ladearbeiten_am_Burchardkai.jpg,Wikimedia Commons,https://commons.wikimedia.org/wiki/File:2016-06-13_MV-LISA_106_Ladearbeiten_am_Burchardkai.jpg,https://upload.wikimedia.org/wikipedia/commons/0/0a/2016-06-13_MV-LISA_106_Ladearbeiten_am_Burchardkai.jpg?utm_source=commons.wikimedia.org&utm_campaign=imageinfo&utm_content=original,Eduard47,Own work,CC BY-SA 4.0,https://creativecommons.org/licenses/by-sa/4.0,Creative Commons Attribution-Share Alike 4.0,true,image/jpeg,4752,3168,d5852fbc0eb3f18764133a4a845296507c79e04fc2d0ce1c4dc86070c725290d,2026-10-02
Container_sealed.jpg,Wikimedia Commons,https://commons.wikimedia.org/wiki/File:Container_sealed.jpg,https://upload.wikimedia.org/wikipedia/commons/2/29/Container_sealed.jpg?utm_source=commons.wikimedia.org&utm_campaign=imageinfo&utm_content=original,YWAM Orlando,https://www.flickr.com/photos/ywamorlando/37506417076/,CC BY 2.0,https://creativecommons.org/licenses/by/2.0,Creative Commons Attribution 2.0,true,image/jpeg,4000,2670,f9e368e4152f3ae5187d917bba5fa6520776589b90a565abde41e4f5b3c629bf,2026-10-02
View_down_the_hatch_of_a_container_ship.jpg,Wikimedia Commons,https://commons.wikimedia.org/wiki/File:View_down_the_hatch_of_a_container_ship.jpg,https://upload.wikimedia.org/wikipedia/commons/4/4d/View_down_the_hatch_of_a_container_ship.jpg?utm_source=commons.wikimedia.org&utm_campaign=imageinfo&utm_content=original,Danny Cornelissen,http://www.portpictures.nl,Attribution,,,,image/jpeg,704,528,2ee48920882fb5c9b358fd9f19ea568597d036d3c0d2d9c7e35cafbf348d7d45,2026-10-02
Hold_of_a_container_ship.jpg,Wikimedia Commons,https://commons.wikimedia.org/wiki/File:Hold_of_a_container_ship.jpg,https://upload.wikimedia.org/wikipedia/commons/4/43/Hold_of_a_container_ship.jpg?utm_source=commons.wikimedia.org&utm_campaign=imageinfo&utm_content=original,Danny Cornelissen,http://www.portpictures.nl,Attribution,,,,image/jpeg,463,1397,160eb807e928a94782e4be7297ee63f36c214469c229795c4cbe1bcbedffd209,2026-10-02
Container_lashing.jpg,Wikimedia Commons,https://commons.wikimedia.org/wiki/File:Container_lashing.jpg,https://upload.wikimedia.org/wikipedia/commons/5/5d/Container_lashing.jpg?utm_source=commons.wikimedia.org&utm_campaign=imageinfo&utm_content=original,Danny Cornelissen,http://www.portpictures.nl,Attribution,,,,image/jpeg,486,648,e2a57e685d106f08a74a81f42075f577db3048f570f9a1b534a0d1ac09e9f7a6,2026-10-02
Loading-containership.JPG,Wikimedia Commons,https://commons.wikimedia.org/wiki/File:Loading-containership.JPG,https://upload.wikimedia.org/wikipedia/commons/6/6c/Loading-containership.JPG?utm_source=commons.wikimedia.org&utm_campaign=imageinfo&utm_content=original,Self,Own work,Public domain,,Public domain,false,image/jpeg,480,640,0fdc2cbcd9008be6908593dd87874123fd8218dbf15b72f2f480c3c48d0b217c,2026-10-02
Dockworker_lashing_a_container.jpg,Wikimedia Commons,https://commons.wikimedia.org/wiki/File:Dockworker_lashing_a_container.jpg,https://upload.wikimedia.org/wikipedia/commons/d/dc/Dockworker_lashing_a_container.jpg?utm_source=commons.wikimedia.org&utm_campaign=imageinfo&utm_content=original,Danny Cornelissen,http://www.portpictures.nl,Attribution,,,,image/jpeg,538,717,feabfa658832cb374c7d4560d42ee023160ed5696280722060b7e675e62efdf9,2026-10-02
Dockworker_team_on_a_container_ship.jpg,Wikimedia Commons,https://commons.wikimedia.org/wiki/File:Dockworker_team_on_a_container_ship.jpg,https://upload.wikimedia.org/wikipedia/commons/6/61/Dockworker_team_on_a_container_ship.jpg?utm_source=commons.wikimedia.org&utm_campaign=imageinfo&utm_content=original,Danny Cornelissen,http://www.portpictures.nl,Attribution,,,,image/jpeg,832,624,98a3a4af0400e896ed04f257f8e5cfdf9c51c4efddd9705191216192b9029b00,2026-10-02
Port_crane_in_Beverwijk.jpg,Wikimedia Commons,https://commons.wikimedia.org/wiki/File:Port_crane_in_Beverwijk.jpg,https://upload.wikimedia.org/wikipedia/commons/9/91/Port_crane_in_Beverwijk.jpg?utm_source=commons.wikimedia.org&utm_campaign=imageinfo&utm_content=original,S.J. de Waard,Own work,CC BY-SA 4.0,https://creativecommons.org/licenses/by-sa/4.0,Creative Commons Attribution-Share Alike 4.0,true,image/jpeg,5358,3572,6cab9f3351443a432f827798cc831c37702c101dee7b702255d19fa5954acd50,2026-10-02
Container_cranes_at_the_Port_of_Oakland.jpg,Wikimedia Commons,https://commons.wikimedia.org/wiki/File:Container_cranes_at_the_Port_of_Oakland.jpg,https://upload.wikimedia.org/wikipedia/commons/3/38/Container_cranes_at_the_Port_of_Oakland.jpg?utm_source=commons.wikimedia.org&utm_campaign=imageinfo&utm_content=original,Cullen328,Own work,CC BY-SA 4.0,https://creativecommons.org/licenses/by-sa/4.0,Creative Commons Attribution-Share Alike 4.0,true,image/jpeg,3675,2426,e622f0fd9df2be8f684c5b1a691a6bec07ce13bdf4f272b4af8a13180326de6e,2026-10-02
Stacked_shipping_containers__BIFT_-_geograph.org.uk_-_2567863.jpg,Wikimedia Commons,"https://commons.wikimedia.org/wiki/File:Stacked_shipping_containers,_BIFT_-_geograph.org.uk_-_2567863.jpg",https://upload.wikimedia.org/wikipedia/commons/d/d0/Stacked_shipping_containers%2C_BIFT_-_geograph.org.uk_-_2567863.jpg?utm_source=commons.wikimedia.org&utm_campaign=imageinfo&utm_content=original,Robin Stott,Geograph Britain and Ireland,CC BY-SA 2.0,https://creativecommons.org/licenses/by-sa/2.0,Creative Commons Attribution-Share Alike 2.0,true,image/jpeg,640,494,57bce55fb264deda704d3f2fe67b966671cbd49703ca9d276f864c96e836ce55,2026-10-02
Stack_of_shipping_containers_at_Bassendean__Western_Australia.jpg,Wikimedia Commons,"https://commons.wikimedia.org/wiki/File:Stack_of_shipping_containers_at_Bassendean,_Western_Australia.jpg",https://upload.wikimedia.org/wikipedia/commons/5/54/Stack_of_shipping_containers_at_Bassendean%2C_Western_Australia.jpg?utm_source=commons.wikimedia.org&utm_campaign=imageinfo&utm_content=original,Kgbo,Own work,CC BY-SA 4.0,https://creativecommons.org/licenses/by-sa/4.0,Creative Commons Attribution-Share Alike 4.0,true,image/jpeg,4032,3024,0b2cc56fb6f692137c833012311c568d4d614ad4a4b0c7d1d9b2d38b1dc193cd,2026-10-02
Shipping_container_stacks_-_Port_of_Rotterdam_-_2017_-_4.jpg,Wikimedia Commons,https://commons.wikimedia.org/wiki/File:Shipping_container_stacks_-_Port_of_Rotterdam_-_2017_-_4.jpg,https://upload.wikimedia.org/wikipedia/commons/4/4e/Shipping_container_stacks_-_Port_of_Rotterdam_-_2017_-_4.jpg?utm_source=commons.wikimedia.org&utm_campaign=imageinfo&utm_content=original,AgainErick,Own work,CC BY-SA 4.0,https://creativecommons.org/licenses/by-sa/4.0,Creative Commons Attribution-Share Alike 4.0,true,image/jpeg,5184,3888,bbeafeaf567b32e106ac1d76dd3c9d0db276825e294732a5948eea534f92e3e5,2026-10-02
